feature,count,missing,missing_pct,mean,median,std,min,max,q25,q75,iqr,skewness,kurtosis,outliers_count,outliers_pct,suspicious_123
person_age,58645,0,0.0,27.550856850541393,26.0,6.033215771226332,20.0,123.0,23.0,30.0,7.0,1.9654967033657007,6.408379567393634,2446,4.1708585557166,1.0
person_income,58645,0,0.0,64046.17287066246,58000.0,37931.10697849953,4200.0,1900000.0,42000.0,75600.0,33600.0,10.457722504927036,342.62935250728805,2411,4.111177423480263,
person_emp_length,58645,0,0.0,4.701014579248017,4.0,3.9597843444186225,0.0,123.0,2.0,7.0,5.0,2.054429705294395,29.131605597935184,1274,2.172393213402677,2.0
loan_amnt,58645,0,0.0,9217.556518032228,8000.0,5563.807384163699,500.0,35000.0,5000.0,12000.0,7000.0,1.1885784743437684,1.6937836745265122,2045,3.4870832978088497,
loan_int_rate,58645,0,0.0,10.677874499104783,10.75,3.034697203137652,5.42,23.22,7.88,12.99,5.11,0.20002032141229037,-0.718153381965855,34,0.05797595702958479,
loan_percent_income,58645,0,0.0,0.15923751385454857,0.14,0.09169179303584127,0.0,0.83,0.09,0.21,0.12,0.9174730236540016,0.6313425185974304,1210,2.0632620001705173,
cb_person_cred_hist_length,58645,0,0.0,5.813556142893682,4.0,4.029196153525541,2.0,30.0,3.0,8.0,5.0,1.6185028956126892,3.490774895095544,1993,3.3984141870577202,
